Product Sazerac Straight Rye Whiskey ,$29.99,https://www.finewineandgoodspirits.com/sazerac-straight-rye-whiskey/product/000009567
Product Orphan Barrel Castle's Curse Single Malt Scotch 14 Year Old ,$174.99,https://www.finewineandgoodspirits.com/orphan-barrel-castles-curse-single-malt-scotch-14-year-old/product/100021370
Product Amador Whiskey Co Double Barrel Bourbon Cabernet Sauvignon Barrel Finish ,$52.99,https://www.finewineandgoodspirits.com/amador-whiskey-co-double-barrel-bourbon-cabernet-sauvignon-barrel-finish/product/000088336
Product Orphan Barrel Muckety Muck Single Grain Scotch 26 Year Old ,$299.99,https://www.finewineandgoodspirits.com/orphan-barrel-muckety-muck-single-grain-scotch-26-year-old/product/000088488
Product Michter's US 1 Sour Mash Whiskey ,$49.99,https://www.finewineandgoodspirits.com/michters-us-1-sour-mash-whiskey/product/000086937
Product Amador Whiskey Co Double Barrel Bourbon Chardonnay Barrel Finish ,$39.99,https://www.finewineandgoodspirits.com/amador-whiskey-co-double-barrel-bourbon-chardonnay-barrel-finish/product/000088335
Product Kentucky Owl The Wiseman's Straight Bourbon Batch No 12 ,$399.99,https://www.finewineandgoodspirits.com/kentucky-owl-the-wisemans-straight-bourbon-batch-no-12/product/000076217
Product Kentucky Owl Bayou Mardi Gras XO Cask Straight Rye ,$499.99,https://www.finewineandgoodspirits.com/kentucky-owl-bayou-mardi-gras-xo-cask-straight-rye/product/000088040
Product Willett Pot Still Reserve Small Batch Straight Bourbon ,$11.99,https://www.finewineandgoodspirits.com/willett-pot-still-reserve-small-batch-straight-bourbon/product/000082301
Product Willett Family Estate Straight Rye Whiskey Small Batch Cask Strength 3 Year Old ,$12.99,https://www.finewineandgoodspirits.com/willett-family-estate-straight-rye-whiskey-small-batch-cask-strength-3-year-old/product/000088868
